{
    "parent": "item/handheld",
    "textures": {
        "layer0": "item/stone_sword"
    },
    "overrides": [
		{
            "predicate": {
                "damage": 0,
				"damaged": 0
            },
            "model": "item/stone_sword"
        },
        {
            "predicate": {
                "damage": 0,
				"damaged": 1
            },
            "model": "item/stone_sword/damage_0"
        },
		{
            "predicate": {
                "damage": 0.25
            },
            "model": "item/stone_sword/damage_1"
        },
		{
            "predicate": {
                "damage": 0.5
            },
            "model": "item/stone_sword/damage_2"
        },
		{
            "predicate": {
                "damage": 0.75
            },
            "model": "item/stone_sword/damage_3"
        },
		{
            "predicate": {
                "damage": 0.9
            },
            "model": "item/stone_sword/damage_4"
        }
    ]
}
